name,node,technology,max_mw,min_mw,heat_rate_slope_mmbtu_per_mwh,heat_rate_intercept_mmbtu_per_hr,fuel_cost_per_mmbtu,vom_cost_per_mwh,startup_cost,shutdown_cost,ramp_rate_mw_per_hr,min_up_time_hr,min_down_time_hr,num_units
Biomass 01,bus012,biomass,3.0,0.9,12.12,10.909999999999998,2.4,1.91,15.9,0.0,25.2,1,1,1
Biomass 02,bus012,biomass,3.0,0.9,12.12,10.909999999999998,2.4,1.91,15.9,0.0,25.2,1,1,1
Biomass 03,bus103,biomass,1.2,0.36,12.12,4.36,2.4,1.91,6.36,0.0,25.2,1,1,1
Biomass 04,bus103,biomass,1.2,0.36,12.12,4.36,2.4,1.91,6.36,0.0,25.2,1,1,1
Biomass 05,bus012,biomass,1.3,0.26,12.120000000000001,4.7299999999999995,2.4,1.91,6.89,0.0,25.2,6,6,1
Biomass 06,bus012,biomass,1.3,0.26,12.120000000000001,4.7299999999999995,2.4,1.91,6.89,0.0,25.2,6,6,1
Biomass 07,bus012,biomass,3.0,0.6,12.12,10.91,2.4,1.91,15.9,0.0,25.2,6,6,1
Biomass 08,bus012,biomass,1.35,0.27,12.12,4.910000000000001,2.4,1.91,7.16,0.0,25.2,6,6,1
Biomass 09,bus012,biomass,1.35,0.27,12.12,4.910000000000001,2.4,1.91,7.16,0.0,25.2,6,6,1
Biomass 10,bus012,biomass,1.35,0.27,12.12,4.910000000000001,2.4,1.91,7.16,0.0,25.2,6,6,1
Biomass 11,bus012,biomass,0.71,0.14,12.12,2.5799999999999996,2.4,1.91,3.76,0.0,25.2,6,6,1
Biomass 12,bus012,biomass,0.71,0.14,12.12,2.5799999999999996,2.4,1.91,3.76,0.0,25.2,6,6,1
Biomass 13,bus012,biomass,0.71,0.14,12.12,2.5799999999999996,2.4,1.91,3.76,0.0,25.2,6,6,1
Biomass 14,bus012,biomass,1.57,0.31,12.120000000000001,5.71,2.4,1.91,8.32,0.0,25.2,6,6,1
Biomass 15,bus012,biomass,0.65,0.13,12.12,2.3600000000000003,2.4,1.91,3.45,0.0,25.2,6,6,1
Biomass 16,bus012,biomass,0.65,0.13,12.12,2.3600000000000003,2.4,1.91,3.45,0.0,25.2,6,6,1
Biomass 17,bus012,biomass,0.65,0.13,12.12,2.3600000000000003,2.4,1.91,3.45,0.0,25.2,6,6,1
Biomass 18,bus012,biomass,0.65,0.13,12.12,2.3600000000000003,2.4,1.91,3.45,0.0,25.2,6,6,1
Biomass 19,bus012,biomass,0.45,0.09,12.119999999999997,1.6400000000000001,2.4,1.91,2.39,0.0,25.2,6,6,1
Biomass 20,bus012,biomass,0.45,0.09,12.119999999999997,1.6400000000000001,2.4,1.91,2.39,0.0,25.2,6,6,1
Biomass 21,bus012,biomass,0.45,0.09,12.119999999999997,1.6400000000000001,2.4,1.91,2.39,0.0,25.2,6,6,1
Biomass 22,bus012,biomass,0.45,0.09,12.119999999999997,1.6400000000000001,2.4,1.91,2.39,0.0,25.2,6,6,1
Biomass 23,bus012,biomass,1.0,0.2,12.12,3.64,2.4,1.91,5.3,0.0,25.2,6,6,1
Biomass 24,bus012,biomass,1.0,0.2,12.12,3.64,2.4,1.91,5.3,0.0,25.2,6,6,1
Biomass 25,bus012,biomass,1.0,0.2,12.12,3.64,2.4,1.91,5.3,0.0,25.2,6,6,1
Biomass 26,bus012,biomass,1.9,0.57,12.647775714285714,9.21772894285714,2.4,1.91,10.07,0.0,10.799999999999999,8,8,1
Biomass 27,bus012,biomass,1.9,0.57,12.647775714285714,9.21772894285714,2.4,1.91,10.07,0.0,10.799999999999999,8,8,1
Biomass 28,bus012,biomass,1.9,0.57,12.647775714285714,9.21772894285714,2.4,1.91,10.07,0.0,10.799999999999999,8,8,1
Biomass 29,bus012,biomass,1.9,0.57,12.647775714285714,9.21772894285714,2.4,1.91,10.07,0.0,10.799999999999999,8,8,1
Biomass 30,bus012,biomass,1.9,0.57,12.647775714285714,9.21772894285714,2.4,1.91,10.07,0.0,10.799999999999999,8,8,1
Biomass 31,bus012,biomass,1.9,0.57,12.647775714285714,9.21772894285714,2.4,1.91,10.07,0.0,10.799999999999999,8,8,1
Biomass 32,bus012,biomass,1.9,0.57,12.119999999999997,6.910000000000001,2.4,1.91,10.07,0.0,25.2,6,6,1
Biomass 33,bus103,biomass,1.6,0.48,11.855,5.6899999999999995,2.4,1.91,8.48,0.0,25.2,5,8,1
Biomass 34,bus103,biomass,1.6,0.48,11.855,5.6899999999999995,2.4,1.91,8.48,0.0,25.2,5,8,1
Biomass 35,bus103,biomass,1.6,0.48,11.855,5.6899999999999995,2.4,1.91,8.48,0.0,25.2,5,8,1
Biomass 36,bus103,biomass,1.6,0.48,11.855,5.6899999999999995,2.4,1.91,8.48,0.0,25.2,5,8,1
Biomass 37,bus103,biomass,0.95,0.28,12.12,3.45,2.4,1.91,5.04,0.0,25.2,6,6,1
Biomass 38,bus103,biomass,0.95,0.19,12.119999999999997,3.450000000000001,2.4,1.91,5.04,0.0,25.2,6,6,1
Biomass 39,bus103,biomass,0.95,0.19,12.119999999999997,3.450000000000001,2.4,1.91,5.04,0.0,25.2,6,6,1
Biomass 40,bus103,biomass,0.95,0.19,12.119999999999997,3.450000000000001,2.4,1.91,5.04,0.0,25.2,6,6,1
Biomass 41,bus103,biomass,1.88,0.56,12.120000000000001,6.839999999999999,2.4,1.91,9.96,0.0,25.2,8,8,1
Biomass 42,bus103,biomass,1.88,0.56,12.120000000000001,6.839999999999999,2.4,1.91,9.96,0.0,25.2,8,8,1
Biomass 43,bus103,biomass,3.75,1.12,11.115404866920153,15.996964149049424,2.4,1.91,19.88,0.0,4.2,8,8,1
Biomass 44,bus103,biomass,2.29,0.69,12.120000000000001,8.329999999999998,2.4,1.91,12.14,0.0,25.2,5,8,1
Biomass 45,bus103,biomass,2.29,0.69,12.120000000000001,8.329999999999998,2.4,1.91,12.14,0.0,25.2,5,8,1
Biomass 46,bus103,biomass,1.2,0.36,12.12,4.36,2.4,1.91,6.36,0.0,25.2,5,8,1
Biomass 47,bus103,biomass,3.0,0.9,13.848999999999998,12.46,2.4,1.91,15.9,0.0,25.2,5,8,1
Biomass 48,bus103,biomass,3.0,0.9,13.848999999999998,12.46,2.4,1.91,15.9,0.0,25.2,5,8,1
Biomass 49,bus103,biomass,1.6,0.32,12.12,5.82,2.4,1.91,8.48,0.0,25.2,6,6,1
Biomass 50,bus103,biomass,0.9,0.27,12.119999999999997,3.2700000000000014,2.4,1.91,4.77,0.0,25.2,6,6,1
Biomass 51,bus103,biomass,0.9,0.18,12.119999999999997,3.2700000000000005,2.4,1.91,4.77,0.0,25.2,6,6,1
Biomass 52,bus103,biomass,3.0,0.9,12.12,10.909999999999998,2.4,1.91,15.9,0.0,25.2,6,6,1
Biomass 53,bus034,biomass,3.0,0.6,12.12,10.91,2.4,1.91,15.9,0.0,25.2,6,6,1
Biomass 54,bus034,biomass,3.0,0.6,12.12,10.91,2.4,1.91,15.9,0.0,25.2,6,6,1
Biomass 55,bus034,biomass,3.0,0.6,12.12,10.91,2.4,1.91,15.9,0.0,25.2,6,6,1
Biomass 56,bus012,biomass,4.6,1.38,12.120000000000001,16.729999999999997,2.4,1.91,24.38,0.0,25.2,8,8,1
Biomass 57,bus012,biomass,3.0,0.9,12.12,10.909999999999998,2.4,1.91,15.9,0.0,25.2,8,8,1
Biomass 58,bus012,biomass,3.0,0.9,12.12,10.909999999999998,2.4,1.91,15.9,0.0,25.2,8,8,1
Biomass 59,bus012,biomass,4.6,1.38,12.120000000000001,16.729999999999997,2.4,1.91,24.38,0.0,25.2,8,8,1
Biomass 60,bus012,biomass,3.0,0.9,12.12,10.909999999999998,2.4,1.91,15.9,0.0,25.2,8,8,1
Biomass 61,bus103,biomass,1.88,0.56,12.120000000000001,6.839999999999999,2.4,1.91,9.96,0.0,25.2,8,8,1
Biomass 62,bus034,biomass,7.5,2.25,13.5,30.379999999999995,2.4,1.91,39.75,0.0,25.2,5,8,1
CC NG 01,bus012,natural_gas,41.5,41.08,6.489000000000179,316.7799999999925,5.4,1.08,3475.54,0.0,16.8,8,6,1
CC NG 03,bus012,natural_gas,126.98,20.0,5.1484499999999995,817.44,5.4,1.08,10634.31,0.0,64.2,8,4,1
CC NG 04,bus012,natural_gas,320.0,160.0,6.460419999999999,1305.5299999999997,5.4,1.08,26799.33,0.0,150.0,8,4,1
CC NG 05,bus074,natural_gas,100.0,99.0,5.369869999999992,643.5300000000007,5.4,1.08,8374.79,0.0,43.8,12,8,1
CC NG 06,bus012,natural_gas,13.5,4.05,9.797706571428574,38.206410885714284,5.4,1.08,1130.6,0.0,150.0,6,6,1
CC NG 07,bus103,natural_gas,55.1,20.0,6.489000000000001,505.72999999999996,5.4,1.08,4614.51,0.0,24.0,8,4,1
CC NG 08,bus112,natural_gas,14.3,4.29,7.167449999999999,64.73000000000002,5.4,1.08,1197.59,0.0,150.0,6,6,1
CC NG 09,bus107,natural_gas,33.0,32.67,7.167449999999982,149.3700000000006,5.4,1.08,2763.68,0.0,150.0,6,6,1
CC NG 10,bus036,natural_gas,71.51,21.45299911,8.686691221012762,206.60811149537736,5.4,1.081302047,5988.812988,0.0,150.0,8,4,1
CC NG 11,bus066,natural_gas,596.4,328.02,6.296202617557198,2386.566061788888,5.4,1.08,49947.25,0.0,150.0,8,4,1
CC NG 12,bus046,natural_gas,150.0,60.0,9.515473126666663,738.1904124000002,5.4,1.08,12562.18,0.0,160.2,8,4,1
CC NG 13,bus012,natural_gas,57.3,20.0,6.488999999999998,437.38,5.4,1.08,4798.75,0.0,24.0,8,6,1
CC NG 14,bus049,natural_gas,164.75,65.9,7.985775014668689,639.7101855333336,5.4,1.08,13797.47,0.0,78.0,8,4,1
CC NG 15,bus034,natural_gas,27.0,8.1,11.263934285714289,118.51771228571423,5.4,1.08,2261.19,0.0,160.2,2,2,1
CC NG 16,bus012,natural_gas,943.5,503.86,6.2167798871804205,3418.739103045273,5.4,1.08,79016.14,0.0,399.0,8,4,1
CC NG 17,bus025,natural_gas,154.4,84.92,6.793960000000001,666.6973719999997,5.4,1.08,12930.68,0.0,150.0,8,4,1
CC NG 18,bus113,natural_gas,619.0,306.4,7.065123084772874,1859.715534825591,5.4,1.08,51839.95,0.0,265.2,8,4,1
CC NG 19,bus012,natural_gas,140.0,70.48,5.906279076524743,432.89226508653616,5.4,1.08,11724.71,0.0,52.2,8,4,1
CC NG 20,bus025,natural_gas,25.8,25.54,6.488999999999959,390.910000000001,5.4,1.08,2160.7,0.0,160.2,2,2,1
CC NG 21,bus026,natural_gas,315.0,141.75,8.072619999999999,832.56,5.4,1.08,26380.59,0.0,150.0,8,4,1
CC NG 22,bus026,natural_gas,677.8,385.59,5.916724264056672,2236.2457026223874,5.4,1.08,56764.33,0.0,478.2,8,4,1
CC NG 23,bus010,natural_gas,636.0,326.09,6.388342109322063,2207.2229555711683,5.4,1.08,53263.66,0.0,340.79999999999995,8,4,1
CC NG 24,bus025,natural_gas,672.3,302.54,6.330729999999997,2419.0000000000014,5.4,1.08,56303.71,0.0,150.0,8,4,1
CC NG 25,bus010,natural_gas,32.49,32.17,6.489000000000006,247.99999999999983,5.4,1.08,2720.97,0.0,13.2,8,4,1
CC NG 26,bus010,natural_gas,655.0,262.0,7.199999999999998,1886.4000000000005,5.4,1.08,54854.88,0.0,180.0,8,4,1
CC NG 27,bus004,natural_gas,34.5,34.15,6.488999999999909,263.3400000000031,5.4,1.08,2889.3,0.0,15.0,8,4,1
CC NG 28,bus100,natural_gas,181.5,99.82499695,6.997739999999999,882.2746000000003,5.4,1.081302047,15200.24023,0.0,150.0,8,4,1
CC NG 29,bus107,natural_gas,49.9,49.4,6.489000000000033,380.8999999999984,5.4,1.08,4179.02,0.0,25.2,8,6,1
CC NG 31,bus089,natural_gas,336.5,185.07,6.287452513372516,1344.6831634501484,5.4,1.08,28181.17,0.0,150.0,8,4,1
CC NG 32,bus090,natural_gas,38.55,38.16,6.488999999999988,610.5100000000004,5.4,1.08,3228.48,0.0,70.19999999999999,2,2,1
CC NG 33,bus090,natural_gas,24.88,24.63,9.798041999999896,67.46368904000258,5.4,1.08,2083.65,0.0,150.0,8,8,1
CC NG 34,bus087,natural_gas,688.3,338.08,6.927467471874824,1988.5803859085586,5.4,1.08,57643.68,0.0,337.2,8,4,1
CC NG 35,bus089,natural_gas,595.0,298.29,6.585495893296482,1935.0582458885929,5.4,1.08,49830.0,0.0,220.8,8,4,1
CC NG 36,bus087,natural_gas,668.0,367.4,6.069155000000004,2576.6867509999993,5.4,1.08,55943.6,0.0,150.0,8,4,1
CC NG 37,bus065,natural_gas,636.0,298.19,6.159701960569549,1954.1817530777655,5.4,1.08,53263.66,0.0,400.79999999999995,8,4,1
CC NG 38,bus049,natural_gas,98.2,42.69,7.250701140335075,262.8872264190956,5.4,1.08,8224.04,0.0,150.0,8,4,1
CC NG 39,bus018,natural_gas,247.0,244.53,6.489000000000001,2132.1099999999997,5.4,1.08,20685.73,0.0,121.79999999999998,8,4,1
CC NG 40,bus107,natural_gas,751.1,412.5,6.12175541523922,772.1566662138216,5.4,1.08,62810.93,0.0,111.0,8,4,1
CT NG 01,bus006,natural_gas,25.4,11.43,9.403031818181821,128.24748701818174,5.4,0.7,861.65,0.0,160.2,2,2,1
CT NG 02,bus018,natural_gas,25.4,11.43,9.41300659269864,127.8842045454546,5.4,0.7,861.65,0.0,160.2,2,2,1
CT NG 03,bus004,natural_gas,24.75,11.14,9.403598574577515,124.96429047920643,5.4,0.7,839.6,0.0,160.2,2,2,1
CT NG 04,bus004,natural_gas,24.75,11.14,9.403598574577515,124.96429047920643,5.4,0.7,839.6,0.0,160.2,2,2,1
CT NG 05,bus004,natural_gas,49.9,14.97,11.30487714285714,237.39382277142863,5.4,0.7,1692.77,0.0,79.80000000000001,2,2,1
CT NG 06,bus006,natural_gas,49.9,14.97,11.30487714285714,237.39382277142863,5.4,0.7,1692.77,0.0,79.80000000000001,2,2,1
CT NG 07,bus006,natural_gas,49.9,14.97,11.30487714285714,237.39382277142863,5.4,0.7,1692.77,0.0,79.80000000000001,2,2,1
CT NG 08,bus008,natural_gas,50.0,15.0,11.218914285714286,224.29998571428567,5.4,0.7,1696.16,0.0,100.19999999999999,2,2,1
CT NG 09,bus008,natural_gas,50.0,25.0,9.621821124000002,234.7609719,5.4,0.7,1696.16,0.0,118.2,1,1,1
CT NG 10,bus008,natural_gas,50.0,25.0,9.621821124000002,234.7609719,5.4,0.7,1696.16,0.0,118.2,1,1,1
CT NG 11,bus010,natural_gas,50.0,25.0,9.621821124000002,234.7609719,5.4,0.7,1696.16,0.0,118.2,1,1,1
CT NG 12,bus010,natural_gas,50.0,25.0,9.621821124000002,234.7609719,5.4,0.7,1696.16,0.0,118.2,1,1,1
CT NG 13,bus006,natural_gas,21.6,21.3,10.845314000000005,86.40206579999983,5.4,0.7,732.74,0.0,40.2,1,1,1
CT NG 14,bus006,natural_gas,21.6,21.3,10.845314000000005,86.40206579999983,5.4,0.7,732.74,0.0,40.2,1,1,1
CT NG 15,bus025,natural_gas,21.6,21.3,10.845314000000005,86.40206579999983,5.4,0.7,732.74,0.0,40.2,1,1,1
CT NG 16,bus025,natural_gas,49.9,22.45,9.402954488160288,251.96077224080153,5.4,0.7,1692.77,0.0,79.80000000000001,2,2,1
CT NG 17,bus004,natural_gas,6.9,3.11,7.651789999999999,17.330000000000005,5.4,0.7,234.07,0.0,60.0,1,1,1
CT NG 18,bus004,natural_gas,3.9,1.75,7.651789999999999,9.79,5.4,0.7,132.3,0.0,60.0,1,1,1
CT NG 19,bus018,natural_gas,3.9,1.75,7.651789999999999,9.79,5.4,0.7,132.3,0.0,60.0,1,1,1
CT NG 20,bus025,natural_gas,6.9,3.11,7.651789999999999,17.330000000000005,5.4,0.7,234.07,0.0,60.0,1,1,1
CT NG 21,bus085,natural_gas,100.0,20.0,6.075338,592.8666400000001,5.4,0.699666023,3392.320068,0.0,376.00000002,1,1,1
CT NG 22,bus091,natural_gas,100.0,20.0,6.075338,592.8666400000001,5.4,0.7,3392.32,0.0,376.2,1,1,1
CT NG 23,bus091,natural_gas,100.0,20.0,6.075338,592.8666400000001,5.4,0.7,3392.32,0.0,376.2,1,1,1
CT NG 24,bus100,natural_gas,100.0,20.0,6.075338,592.8666400000001,5.4,0.7,3392.32,0.0,376.2,1,1,1
CT NG 25,bus100,natural_gas,100.0,20.0,6.075338,592.8666400000001,5.4,0.7,3392.32,0.0,376.2,1,1,1
CT NG 26,bus100,natural_gas,100.0,20.0,6.075338,592.8666400000001,5.4,0.7,3392.32,0.0,376.2,1,1,1
CT NG 27,bus107,natural_gas,1.05,0.0,7.65179,2.64,5.4,0.7,35.62,0.0,60.0,1,1,1
CT NG 28,bus100,natural_gas,44.02,13.21,11.102053988964622,222.09281280577733,5.4,0.7,1493.3,0.0,160.2,2,2,1
CT NG 29,bus107,natural_gas,0.6,0.0,7.65179,1.51,5.4,0.7,20.35,0.0,60.0,1,1,1
CT NG 30,bus090,natural_gas,18.0,5.4,11.263934285714283,79.00847485714286,5.4,0.7,610.62,0.0,160.2,2,2,1
CT NG 31,bus107,natural_gas,1.54,0.0,7.65179,3.87,5.4,0.7,52.24,0.0,60.0,1,1,1
CT NG 32,bus107,natural_gas,1.6,0.0,7.65179,4.02,5.4,0.7,54.28,0.0,60.0,1,1,1
CT NG 33,bus107,natural_gas,1.3,0.0,7.651790000000001,3.26,5.4,0.7,44.1,0.0,60.0,1,1,1
CT NG 34,bus100,natural_gas,100.0,45.0,6.117040000000004,510.9345499999998,5.4,0.6,10919.03,0.0,319.8,1,1,1
CT NG 35,bus100,natural_gas,100.0,45.0,6.117040000000004,510.9345499999998,5.4,0.6,10919.03,0.0,319.8,1,1,1
CT NG 36,bus100,natural_gas,100.0,45.0,6.117040000000004,510.9345499999998,5.4,0.6,10919.03,0.0,319.8,1,1,1
CT NG 37,bus107,natural_gas,1.3,0.0,7.651790000000001,3.26,5.4,0.7,44.1,0.0,60.0,1,1,1
CT NG 38,bus090,natural_gas,9.5,0.0,7.651790000000001,23.86,5.4,0.7,322.27,0.0,60.0,1,1,1
CT NG 39,bus112,natural_gas,1.3,0.0,7.651790000000001,3.26,5.4,0.7,44.1,0.0,60.0,1,1,1
CT NG 40,bus112,natural_gas,3.1,0.93,7.65179,7.779999999999999,5.4,0.7,105.16,0.0,60.0,1,1,1
CT NG 41,bus040,natural_gas,54.0,16.2,8.156887505291005,165.4393064142857,5.4,0.7,1831.85,0.0,48.0,8,8,1
CT NG 42,bus036,natural_gas,82.4,19.78,10.790749233471734,239.79788716192905,5.4,0.7,2795.27,0.0,79.80000000000001,2,2,1
CT NG 43,bus062,natural_gas,25.0,7.5,9.480178017142855,153.47546487142858,5.4,0.7,848.08,0.0,208.20000000000002,1,1,1
CT NG 44,bus055,natural_gas,60.35,27.16,9.403264224163905,304.7231320717083,5.4,0.7,2047.27,0.0,79.80000000000001,2,2,1
CT NG 45,bus055,natural_gas,60.35,27.16,9.403264224163905,304.7231320717083,5.4,0.7,2047.27,0.0,79.80000000000001,2,2,1
CT NG 46,bus026,natural_gas,180.0,81.0,6.009966000000003,1047.786784,5.4,0.6,19654.25,0.0,319.8,2,2,1
CT NG 47,bus026,natural_gas,180.0,81.0,6.009966000000003,1047.786784,5.4,0.6,19654.25,0.0,319.8,2,2,1
CT NG 48,bus026,natural_gas,180.0,81.0,6.009966000000003,1047.786784,5.4,0.6,19654.25,0.0,319.8,2,2,1
CT NG 49,bus026,natural_gas,180.0,81.0,6.009966000000003,1047.786784,5.4,0.6,19654.25,0.0,319.8,2,2,1
CT NG 50,bus111,natural_gas,49.96,22.48,9.444040236535663,249.34422988267826,5.4,0.6,5455.15,0.0,160.2,2,2,1
CT NG 51,bus085,natural_gas,8.57,8.48,5.597000000000216,81.44999999999814,5.4,0.6,935.76,0.0,28.2,8,8,1
CT NG 52,bus085,natural_gas,10.71,10.6,5.597000000000146,101.78999999999846,5.4,0.6,1169.43,0.0,28.2,8,8,1
CT NG 53,bus085,natural_gas,10.71,10.6,5.597000000000146,101.78999999999846,5.4,0.6,1169.43,0.0,28.2,8,8,1
CT NG 54,bus111,natural_gas,49.9,22.45,9.26361,262.72,5.4,0.6,5448.6,0.0,160.2,2,2,1
CT NG 55,bus091,natural_gas,15.0,4.5,11.318556152380953,64.62769231428571,5.4,0.6,1637.85,0.0,160.2,2,2,1
CT NG 56,bus111,natural_gas,46.9,21.1,9.479704317829457,231.7013798937984,5.4,0.6,5121.02,0.0,160.2,2,2,1
CT NG 66,bus111,natural_gas,45.0,20.25,9.403031818181816,227.2230281818182,5.4,0.6,4913.56,0.0,160.2,2,2,1
CT NG 67,bus111,natural_gas,45.0,20.25,9.403031818181816,227.2230281818182,5.4,0.6,4913.56,0.0,160.2,2,2,1
CT NG 68,bus111,natural_gas,46.7,21.01,9.415795223822498,234.9465255474893,5.4,0.6,5099.19,0.0,91.8,2,2,1
CT NG 69,bus111,natural_gas,49.5,22.27,7.824756000734487,585.3828650636428,5.4,0.6,5404.92,0.0,160.2,2,2,1
CT NG 70,bus111,natural_gas,44.02,19.81,9.447483957042548,219.47899261098712,5.4,0.6,4806.56,0.0,160.2,2,2,1
CT NG 71,bus111,natural_gas,44.02,19.81,9.447483957042548,219.47899261098712,5.4,0.6,4806.56,0.0,160.2,2,2,1
CT NG 72,bus112,natural_gas,50.0,22.5,7.830998000000004,591.2555199999998,5.4,0.6,5459.52,0.0,319.8,2,2,1
CT NG 73,bus112,natural_gas,50.0,22.5,7.830998000000004,591.2555199999998,5.4,0.6,5459.52,0.0,319.8,2,2,1
CT NG 74,bus042,natural_gas,42.0,16.8,8.129024396825399,154.5145421333333,5.4,0.6,4585.99,0.0,73.8,8,4,1
CT NG 75,bus049,natural_gas,50.4,21.91,10.705986535626534,145.63798260442263,5.4,0.6,5503.19,0.0,79.80000000000001,1,1,1
CT Oil 01,bus026,oil,74.5,22.35,11.218914285714286,334.19677871428576,21.0,1.91,2369.32,0.0,109.80000000000001,2,2,1
CT Oil 02,bus010,oil,74.5,22.35,11.218914285714286,334.19677871428576,21.0,1.91,2369.32,0.0,109.80000000000001,2,2,1
CT Oil 03,bus010,oil,74.5,22.35,11.218914285714286,334.19677871428576,21.0,1.91,2369.32,0.0,109.80000000000001,2,2,1
CT Oil 04,bus054,oil,71.2,21.36,11.263934285714285,312.53841165714283,21.0,1.91,2264.37,0.0,79.80000000000001,2,2,1
CT Oil 05,bus054,oil,71.2,21.36,11.263934285714285,312.53841165714283,21.0,1.91,2264.37,0.0,79.80000000000001,2,2,1
Geo 01,bus055,geothermal,22.0,11.0,4.11,45.20999999999999,0.0,2.92,0.0,0.0,4.2,6,6,1
Hydro 01,bus056,hydro,75.0,0.0,0.0,0.0,0.0,0.0,0.0,0.0,75.0,1,1,1
Hydro 02,bus056,hydro,75.0,0.0,0.0,0.0,0.0,0.0,0.0,0.0,75.0,1,1,1
Hydro 03,bus066,hydro,77.0,0.0,0.0,0.0,0.0,0.0,0.0,0.0,77.0,1,1,1
Hydro 04,bus076,hydro,77.0,0.0,0.0,0.0,0.0,0.0,0.0,0.0,77.0,1,1,1
Hydro 05,bus049,hydro,82.0,0.0,0.0,0.0,0.0,0.0,0.0,0.0,82.0,1,1,1
Hydro 06,bus059,hydro,1225.31,0.0,0.0,0.0,0.0,0.0,0.0,0.0,1225.31,1,1,1
Hydro 07,bus059,hydro,1225.31,0.0,0.0,0.0,0.0,0.0,0.0,0.0,1225.31,1,1,1
Hydro 08,bus061,hydro,1225.31,0.0,0.0,0.0,0.0,0.0,0.0,0.0,1225.31,1,1,1
Hydro 09,bus061,hydro,1225.31,0.0,0.0,0.0,0.0,0.0,0.0,0.0,1225.31,1,1,1
Hydro 10,bus062,hydro,1225.31,0.0,0.0,0.0,0.0,0.0,0.0,0.0,1225.31,1,1,1
Hydro 11,bus076,hydro,810.77,0.0,0.0,0.0,0.0,0.0,0.0,0.0,810.77,1,1,1
Hydro 12,bus077,hydro,810.78,0.0,0.0,0.0,0.0,0.0,0.0,0.0,810.78,1,1,1
Hydro 13,bus059,hydro,46.7,0.0,0.0,0.0,0.0,0.0,0.0,0.0,46.7,1,1,1
Hydro 14,bus099,hydro,110.0,0.0,0.0,0.0,0.0,0.0,0.0,0.0,110.0,1,1,1
Hydro 15,bus080,hydro,140.0,0.0,0.0,0.0,0.0,0.0,0.0,0.0,140.0,1,1,1
Hydro 16,bus032,hydro,0.8,0.0,0.0,0.0,0.0,0.0,0.0,0.0,0.8,1,1,1
Hydro 17,bus112,hydro,1.35,0.0,0.0,0.0,0.0,0.0,0.0,0.0,1.35,1,1,1
Hydro 18,bus112,hydro,4.65,0.0,0.0,0.0,0.0,0.0,0.0,0.0,4.65,1,1,1
Hydro 19,bus116,hydro,648.44,0.0,0.0,0.0,0.0,0.0,0.0,0.0,648.44,1,1,1
Hydro 20,bus077,hydro,765.77,0.0,0.0,0.0,0.0,0.0,0.0,0.0,765.77,1,1,1
Hydro 21,bus099,hydro,765.77,0.0,0.0,0.0,0.0,0.0,0.0,0.0,765.77,1,1,1
Hydro 22,bus099,hydro,765.77,0.0,0.0,0.0,0.0,0.0,0.0,0.0,765.77,1,1,1
Hydro 23,bus069,hydro,742.63,0.0,0.0,0.0,0.0,0.0,0.0,0.0,742.63,1,1,1
Hydro 24,bus069,hydro,742.63,0.0,0.0,0.0,0.0,0.0,0.0,0.0,742.63,1,1,1
Hydro 25,bus061,hydro,286.46,0.0,0.0,0.0,0.0,0.0,0.0,0.0,286.46,1,1,1
Hydro 26,bus116,hydro,286.46,0.0,0.0,0.0,0.0,0.0,0.0,0.0,286.46,1,1,1
Hydro 27,bus080,hydro,286.46,0.0,0.0,0.0,0.0,0.0,0.0,0.0,286.46,1,1,1
Hydro 28,bus080,hydro,1116.06,0.0,0.0,0.0,0.0,0.0,0.0,0.0,1116.06,1,1,1
Hydro 29,bus080,hydro,1116.06,0.0,0.0,0.0,0.0,0.0,0.0,0.0,1116.06,1,1,1
Hydro 30,bus034,hydro,0.1,0.0,0.0,0.0,0.0,0.0,0.0,0.0,0.1,1,1,1
Hydro 31,bus034,hydro,0.4,0.0,0.0,0.0,0.0,0.0,0.0,0.0,0.4,1,1,1
Hydro 32,bus034,hydro,0.48,0.0,0.0,0.0,0.0,0.0,0.0,0.0,0.48,1,1,1
Hydro 33,bus069,hydro,1112.39,0.0,0.0,0.0,0.0,0.0,0.0,0.0,1112.39,1,1,1
Hydro 34,bus069,hydro,1112.39,0.0,0.0,0.0,0.0,0.0,0.0,0.0,1112.39,1,1,1
Hydro 35,bus034,hydro,0.24,0.0,0.0,0.0,0.0,0.0,0.0,0.0,0.24,1,1,1
Hydro 36,bus034,hydro,10.76,0.0,0.0,0.0,0.0,0.0,0.0,0.0,10.76,1,1,1
Hydro 37,bus036,hydro,47.1,0.0,0.0,0.0,0.0,0.0,0.0,0.0,47.1,1,1,1
Hydro 38,bus034,hydro,2.46,0.0,0.0,0.0,0.0,0.0,0.0,0.0,2.46,1,1,1
Hydro 39,bus034,hydro,2.46,0.0,0.0,0.0,0.0,0.0,0.0,0.0,2.46,1,1,1
Hydro 40,bus065,hydro,96.93,0.0,0.0,0.0,0.0,0.0,0.0,0.0,96.93,1,1,1
Hydro 41,bus046,hydro,96.26,0.0,0.0,0.0,0.0,0.0,0.0,0.0,96.26,1,1,1
Hydro 42,bus042,hydro,96.26,0.0,0.0,0.0,0.0,0.0,0.0,0.0,96.26,1,1,1
Hydro 43,bus099,hydro,111.93,0.0,0.0,0.0,0.0,0.0,0.0,0.0,111.93,1,1,1
ICE NG 01,bus112,natural_gas,3.25,0.0,7.8741200000000005,9.12,5.4,2.12,34.45,0.0,250.2,1,1,1
ICE NG 02,bus056,natural_gas,8.4,1.68,7.92292,15.81,5.4,1.91,44.52,0.0,60.0,5,3,1
ICE NG 03,bus065,natural_gas,8.4,1.68,7.92292,15.81,5.4,1.91,44.52,0.0,60.0,5,3,1
ICE NG 04,bus065,natural_gas,8.4,1.68,7.92292,15.81,5.4,1.91,44.52,0.0,60.0,5,3,1
ICE NG 05,bus077,natural_gas,8.4,1.68,7.92292,15.81,5.4,1.91,44.52,0.0,60.0,5,3,1
ICE NG 06,bus077,natural_gas,8.4,1.68,7.92292,15.81,5.4,1.91,44.52,0.0,60.0,5,3,1
ICE NG 07,bus034,natural_gas,8.4,1.68,7.92292,15.81,5.4,1.91,44.52,0.0,60.0,5,3,1
Solar 01,bus032,solar,746.76,0.0,0.0,0.0,0.0,0.0,0.0,0.0,746.76,1,1,1
Solar 02,bus092,solar,369.26,0.0,0.0,0.0,0.0,0.0,0.0,0.0,369.26,1,1,1
Solar 03,bus054,solar,264.47,0.0,0.0,0.0,0.0,0.0,0.0,0.0,264.47,1,1,1
Solar 04,bus032,solar,4.85,0.0,0.0,0.0,0.0,0.0,0.0,0.0,4.85,1,1,1
Solar 05,bus018,solar,0.12,0.0,0.0,0.0,0.0,0.0,0.0,0.0,0.12,1,1,1
Solar 06,bus018,solar,6.33,0.0,0.0,0.0,0.0,0.0,0.0,0.0,6.33,1,1,1
Solar 07,bus018,solar,0.21,0.0,0.0,0.0,0.0,0.0,0.0,0.0,0.21,1,1,1
Solar 08,bus018,solar,2.51,0.0,0.0,0.0,0.0,0.0,0.0,0.0,2.51,1,1,1
Solar 09,bus018,solar,12.85,0.0,0.0,0.0,0.0,0.0,0.0,0.0,12.85,1,1,1
Solar 10,bus015,solar,9.71,0.0,0.0,0.0,0.0,0.0,0.0,0.0,9.71,1,1,1
Solar 11,bus015,solar,1.98,0.0,0.0,0.0,0.0,0.0,0.0,0.0,1.98,1,1,1
Solar 12,bus015,solar,1.54,0.0,0.0,0.0,0.0,0.0,0.0,0.0,1.54,1,1,1
Solar 13,bus015,solar,0.26,0.0,0.0,0.0,0.0,0.0,0.0,0.0,0.26,1,1,1
Solar 14,bus015,solar,11.71,0.0,0.0,0.0,0.0,0.0,0.0,0.0,11.71,1,1,1
Solar 15,bus015,solar,10.53,0.0,0.0,0.0,0.0,0.0,0.0,0.0,10.53,1,1,1
Solar 16,bus015,solar,6.6,0.0,0.0,0.0,0.0,0.0,0.0,0.0,6.6,1,1,1
Solar 17,bus015,solar,3.01,0.0,0.0,0.0,0.0,0.0,0.0,0.0,3.01,1,1,1
Solar 18,bus015,solar,12.35,0.0,0.0,0.0,0.0,0.0,0.0,0.0,12.35,1,1,1
Solar 19,bus015,solar,0.1,0.0,0.0,0.0,0.0,0.0,0.0,0.0,0.1,1,1,1
Solar 20,bus015,solar,10.08,0.0,0.0,0.0,0.0,0.0,0.0,0.0,10.08,1,1,1
Solar 21,bus015,solar,18.42,0.0,0.0,0.0,0.0,0.0,0.0,0.0,18.42,1,1,1
Solar 22,bus015,solar,8.98,0.0,0.0,0.0,0.0,0.0,0.0,0.0,8.98,1,1,1
Solar 23,bus015,solar,0.29,0.0,0.0,0.0,0.0,0.0,0.0,0.0,0.29,1,1,1
Solar 24,bus015,solar,1.45,0.0,0.0,0.0,0.0,0.0,0.0,0.0,1.45,1,1,1
Solar 25,bus015,solar,1.94,0.0,0.0,0.0,0.0,0.0,0.0,0.0,1.94,1,1,1
Solar 26,bus015,solar,1.8,0.0,0.0,0.0,0.0,0.0,0.0,0.0,1.8,1,1,1
Solar 27,bus015,solar,1.13,0.0,0.0,0.0,0.0,0.0,0.0,0.0,1.13,1,1,1
Solar 28,bus015,solar,8.03,0.0,0.0,0.0,0.0,0.0,0.0,0.0,8.03,1,1,1
Solar 29,bus015,solar,8.63,0.0,0.0,0.0,0.0,0.0,0.0,0.0,8.63,1,1,1
Solar 30,bus015,solar,4.5,0.0,0.0,0.0,0.0,0.0,0.0,0.0,4.5,1,1,1
Solar 31,bus104,solar,116.03,0.0,0.0,0.0,0.0,0.0,0.0,0.0,116.03,1,1,1
Solar 32,bus104,solar,173.97,0.0,0.0,0.0,0.0,0.0,0.0,0.0,173.97,1,1,1
Solar 33,bus104,solar,132.0,0.0,0.0,0.0,0.0,0.0,0.0,0.0,132.0,1,1,1
Solar 34,bus110,solar,125.0,0.0,0.0,0.0,0.0,0.0,0.0,0.0,125.0,1,1,1
Solar 35,bus104,solar,45.0,0.0,0.0,0.0,0.0,0.0,0.0,0.0,45.0,1,1,1
Solar 36,bus110,solar,128.9,0.0,0.0,0.0,0.0,0.0,0.0,0.0,128.9,1,1,1
Solar 37,bus112,solar,26.0,0.0,0.0,0.0,0.0,0.0,0.0,0.0,26.0,1,1,1
Solar 38,bus112,solar,20.0,0.0,0.0,0.0,0.0,0.0,0.0,0.0,20.0,1,1,1
Solar 39,bus112,solar,1.75,0.0,0.0,0.0,0.0,0.0,0.0,0.0,1.75,1,1,1
Solar 40,bus112,solar,1.75,0.0,0.0,0.0,0.0,0.0,0.0,0.0,1.75,1,1,1
Solar 41,bus112,solar,1.75,0.0,0.0,0.0,0.0,0.0,0.0,0.0,1.75,1,1,1
Solar 42,bus112,solar,1.75,0.0,0.0,0.0,0.0,0.0,0.0,0.0,1.75,1,1,1
Solar 43,bus112,solar,1.75,0.0,0.0,0.0,0.0,0.0,0.0,0.0,1.75,1,1,1
Solar 44,bus112,solar,1.75,0.0,0.0,0.0,0.0,0.0,0.0,0.0,1.75,1,1,1
Solar 45,bus112,solar,1.75,0.0,0.0,0.0,0.0,0.0,0.0,0.0,1.75,1,1,1
Solar 46,bus112,solar,1.75,0.0,0.0,0.0,0.0,0.0,0.0,0.0,1.75,1,1,1
Solar 47,bus112,solar,1.75,0.0,0.0,0.0,0.0,0.0,0.0,0.0,1.75,1,1,1
Solar 48,bus112,solar,1.75,0.0,0.0,0.0,0.0,0.0,0.0,0.0,1.75,1,1,1
Solar 49,bus112,solar,1.1,0.0,0.0,0.0,0.0,0.0,0.0,0.0,1.1,1,1,1
Solar 50,bus112,solar,4.69,0.0,0.0,0.0,0.0,0.0,0.0,0.0,4.69,1,1,1
Solar 51,bus112,solar,15.65,0.0,0.0,0.0,0.0,0.0,0.0,0.0,15.65,1,1,1
Solar 52,bus112,solar,10.64,0.0,0.0,0.0,0.0,0.0,0.0,0.0,10.64,1,1,1
Solar 53,bus112,solar,16.09,0.0,0.0,0.0,0.0,0.0,0.0,0.0,16.09,1,1,1
Solar 54,bus112,solar,9.2,0.0,0.0,0.0,0.0,0.0,0.0,0.0,9.2,1,1,1
Solar 55,bus112,solar,20.01,0.0,0.0,0.0,0.0,0.0,0.0,0.0,20.01,1,1,1
Solar 56,bus112,solar,20.07,0.0,0.0,0.0,0.0,0.0,0.0,0.0,20.07,1,1,1
Solar 57,bus112,solar,6.84,0.0,0.0,0.0,0.0,0.0,0.0,0.0,6.84,1,1,1
Solar 58,bus112,solar,8.01,0.0,0.0,0.0,0.0,0.0,0.0,0.0,8.01,1,1,1
Solar 59,bus105,solar,12.42,0.0,0.0,0.0,0.0,0.0,0.0,0.0,12.42,1,1,1
Solar 60,bus105,solar,15.89,0.0,0.0,0.0,0.0,0.0,0.0,0.0,15.89,1,1,1
Solar 61,bus105,solar,1.97,0.0,0.0,0.0,0.0,0.0,0.0,0.0,1.97,1,1,1
Solar 62,bus069,solar,99.9,0.0,0.0,0.0,0.0,0.0,0.0,0.0,99.9,1,1,1
Solar 63,bus019,solar,60.0,0.0,0.0,0.0,0.0,0.0,0.0,0.0,60.0,1,1,1
Solar 64,bus015,solar,21.0,0.0,0.0,0.0,0.0,0.0,0.0,0.0,21.0,1,1,1
Solar 65,bus019,solar,64.8,0.0,0.0,0.0,0.0,0.0,0.0,0.0,64.8,1,1,1
Solar 66,bus018,solar,123.5,0.0,0.0,0.0,0.0,0.0,0.0,0.0,123.5,1,1,1
Solar 67,bus018,solar,40.0,0.0,0.0,0.0,0.0,0.0,0.0,0.0,40.0,1,1,1
Solar 68,bus105,solar,96.0,0.0,0.0,0.0,0.0,0.0,0.0,0.0,96.0,1,1,1
Solar 69,bus105,solar,123.0,0.0,0.0,0.0,0.0,0.0,0.0,0.0,123.0,1,1,1
Solar 70,bus092,solar,150.0,0.0,0.0,0.0,0.0,0.0,0.0,0.0,150.0,1,1,1
Solar 71,bus100,solar,104.99,0.0,0.0,0.0,0.0,0.0,0.0,0.0,104.99,1,1,1
Solar 72,bus105,solar,25.2,0.0,0.0,0.0,0.0,0.0,0.0,0.0,25.2,1,1,1
Solar 73,bus069,solar,25.0,0.0,0.0,0.0,0.0,0.0,0.0,0.0,25.0,1,1,1
Solar 74,bus076,solar,25.0,0.0,0.0,0.0,0.0,0.0,0.0,0.0,25.0,1,1,1
Solar 75,bus055,solar,30.0,0.0,0.0,0.0,0.0,0.0,0.0,0.0,30.0,1,1,1
ST Coal 01,bus018,coal,20.0,19.8,10.933334000000098,93.71430079999809,1.8,2.99,3116.69,0.0,199.8,48,24,1
ST NG 01,bus070,natural_gas,320.0,25.6,9.337530144021738,357.8568603130434,5.4,0.98,25442.4,0.0,325.2,12,8,1
ST NG 02,bus072,natural_gas,325.0,26.0,9.566468160535116,553.5993078260869,5.4,0.98,25839.94,0.0,319.8,12,8,1
ST NG 03,bus025,natural_gas,712.0,56.96,9.071245239527357,1176.7558487565216,5.4,0.98,56609.34,0.0,709.8,12,8,1
ST NG 04,bus019,natural_gas,62.6,61.97,4.282099999999977,347.6900000000015,5.4,0.98,4977.17,0.0,10.200000000000001,12,8,1
ST NG 05,bus024,natural_gas,62.6,61.97,4.282099999999977,347.6900000000015,5.4,0.98,4977.17,0.0,10.200000000000001,12,8,1
ST NG 06,bus092,natural_gas,110.25,8.82,10.675059210292812,208.06869036521738,5.4,0.98,8765.7,0.0,103.2,12,8,1
ST NG 07,bus092,natural_gas,110.25,8.82,10.495945194715565,170.44164818260867,5.4,0.98,8765.7,0.0,109.2,12,8,1
ST NG 08,bus092,natural_gas,306.0,24.48,10.173684326158,468.8643596956522,5.4,0.98,24329.29,0.0,298.8,12,8,1
ST NG 09,bus092,natural_gas,345.6,27.65,9.907604854851389,572.6231122633591,5.4,0.98,27477.79,0.0,328.8,12,8,1
ST NG 10,bus105,natural_gas,106.25,8.5,10.60674326445013,243.9487272521739,5.4,0.98,8447.67,0.0,106.2,12,8,1
ST Other 01,bus024,oil,4.6,2.07,12.646884071146248,21.746756072727273,21.0,0.98,365.73,0.0,3.0,6,6,1
ST Other 02,bus024,natural_gas,30.4,30.1,5.596999999999881,488.7500000000035,5.4,1.91,966.81,0.0,37.2,1,1,1
Wind 01,bus024,wind,11.5,0.0,0.0,0.0,0.0,0.0,0.0,0.0,11.5,1,1,1
Wind 02,bus024,wind,38.0,0.0,0.0,0.0,0.0,0.0,0.0,0.0,38.0,1,1,1
Wind 03,bus024,wind,10.0,0.0,0.0,0.0,0.0,0.0,0.0,0.0,10.0,1,1,1
Wind 04,bus024,wind,5.0,0.0,0.0,0.0,0.0,0.0,0.0,0.0,5.0,1,1,1
Wind 05,bus024,wind,1.1,0.0,0.0,0.0,0.0,0.0,0.0,0.0,1.1,1,1,1
Wind 06,bus027,wind,24.1,0.0,0.0,0.0,0.0,0.0,0.0,0.0,24.1,1,1,1
Wind 07,bus027,wind,16.6,0.0,0.0,0.0,0.0,0.0,0.0,0.0,16.6,1,1,1
Wind 08,bus027,wind,16.6,0.0,0.0,0.0,0.0,0.0,0.0,0.0,16.6,1,1,1
Wind 09,bus027,wind,16.6,0.0,0.0,0.0,0.0,0.0,0.0,0.0,16.6,1,1,1
Wind 10,bus027,wind,16.6,0.0,0.0,0.0,0.0,0.0,0.0,0.0,16.6,1,1,1
Wind 11,bus027,wind,16.6,0.0,0.0,0.0,0.0,0.0,0.0,0.0,16.6,1,1,1
Wind 12,bus031,wind,97.5,0.0,0.0,0.0,0.0,0.0,0.0,0.0,97.5,1,1,1
Wind 13,bus031,wind,58.7,0.0,0.0,0.0,0.0,0.0,0.0,0.0,58.7,1,1,1
Wind 14,bus100,wind,400.0,0.0,0.0,0.0,0.0,0.0,0.0,0.0,400.0,1,1,1
Wind 15,bus082,wind,50.0,0.0,0.0,0.0,0.0,0.0,0.0,0.0,50.0,1,1,1
Wind 16,bus082,wind,149.5,0.0,0.0,0.0,0.0,0.0,0.0,0.0,149.5,1,1,1
Wind 17,bus082,wind,149.5,0.0,0.0,0.0,0.0,0.0,0.0,0.0,149.5,1,1,1
